duration,pkts_rate,bytes_rate,size_mean,size_std,size_q1,size_q2,size_q3,size_min,size_max,n_pkts,n_bytes
30.076358795166016,0.1329948225196361,11.637046970468157,87.5,21.5,66.0,87.5,109.0,66.0,109.0,4.0,350.0
30.059563875198364,0.13306912956579295,11.443945142658192,86.0,20.0,66.0,86.0,106.0,66.0,106.0,4.0,344.0
40.95975995063782,0.12207102790704077,8.056687841864692,66.0,0.0,66.0,66.0,66.0,66.0,66.0,5.0,330.0
40.96202802658081,0.12206426880904024,8.056241741396656,66.0,0.0,66.0,66.0,66.0,66.0,66.0,5.0,330.0
0.057702064514160156,34.66080489215767,2738.203586480456,79.0,13.0,72.5,79.0,85.5,66.0,92.0,2.0,158.0
0.19865703582763672,65.43941394192225,14462.110481164818,221.0,270.5728964765176,66.0,78.0,130.0,66.0,907.0,13.0,2873.0
0.0008270740509033203,2418.1631594119344,195871.21591236666,81.0,15.0,73.5,81.0,88.5,66.0,96.0,2.0,162.0
0.1940150260925293,77.31359937475268,34043.75492468277,440.3333333333333,602.5744398458629,66.0,74.0,757.5,66.0,1466.0,15.0,6605.0
40.74543619155884,0.220883633634152,20.19858116454523,91.44444444444444,26.973695462683274,67.0,69.0,120.0,67.0,127.0,9.0,823.0
40.774014949798584,0.1962033910530932,25.727169651836846,131.125,147.36217077323474,75.0,75.0,75.75,75.0,521.0,8.0,1049.0
45.07036304473877,0.5325007028715649,79.78635531358948,149.83333333333334,159.90848077016497,75.0,75.5,81.0,75.0,686.0,24.0,3596.0
0.08862590789794922,90.2670583551237,26798.03294917735,296.875,404.5545196571162,75.0,98.0,225.5,75.0,1292.0,8.0,2375.0
45.07311701774597,0.6655852087662041,105.71711732569875,158.83333333333334,174.39917494708,74.0,80.0,154.25,68.0,692.0,30.0,4765.0
0.049429893493652344,182.07605487063725,60813.40232679284,334.0,409.9794032766904,67.0,134.0,334.0,67.0,1292.0,9.0,3006.0
30.824644088745117,0.38929889881134144,90.28490294933027,231.91666666666666,278.85702977611226,66.0,72.0,243.25,66.0,907.0,12.0,2783.0
30.81215000152588,0.42191148619477103,209.30055188231373,496.0769230769231,629.0085558349818,66.0,66.0,1354.0,66.0,1466.0,13.0,6449.0
39.586190938949585,0.3031360106989475,29.833635719621416,98.41666666666667,27.405772911722245,66.0,121.0,121.0,66.0,123.0,12.0,1181.0
39.58616900444031,0.3031361786651793,29.833652250298062,98.41666666666667,27.405772911722245,66.0,121.0,121.0,66.0,123.0,12.0,1181.0
39.586386919021606,0.30313450996544206,29.833488022432256,98.41666666666667,27.405772911722245,66.0,121.0,121.0,66.0,123.0,12.0,1181.0
39.54660606384277,0.2781528200483741,25.56477282444602,91.9090909090909,28.381987070722243,66.0,66.0,123.0,66.0,123.0,11.0,1011.0
39.54675507545471,0.2781517719724953,25.564676496744795,91.9090909090909,28.381987070722243,66.0,66.0,123.0,66.0,123.0,11.0,1011.0
39.54741907119751,0.2781471018423887,25.564247269332274,91.9090909090909,28.381987070722243,66.0,66.0,123.0,66.0,123.0,11.0,1011.0
15.036189079284668,0.1995186402738906,32.78756321834269,164.33333333333334,139.06433363335435,66.0,66.0,213.5,66.0,361.0,3.0,493.0
15.020069122314453,0.13315517949439493,17.243595744524143,129.5,63.5,97.75,129.5,161.25,66.0,193.0,2.0,259.0
40.04754900932312,0.32461412300097525,31.137985490939702,95.92307692307692,27.711318261015908,66.0,121.0,121.0,66.0,123.0,13.0,1247.0
40.01212120056152,0.2749166919909667,51.309451696132236,186.63636363636363,292.625193946508,66.0,123.0,123.0,66.0,1108.0,11.0,2053.0
0.04065895080566406,196.75864333630435,54280.790730402965,275.875,395.2272882469023,75.0,99.0,184.0,75.0,1292.0,8.0,2207.0
0.02548503875732422,353.1483740597987,129095.35007297085,365.55555555555554,424.1941670485636,67.0,120.0,652.0,67.0,1292.0,9.0,3290.0
36.73860502243042,0.21775459343422737,16.71266504607695,76.75,19.638928178492836,60.0,69.5,86.25,60.0,108.0,8.0,614.0
36.72148513793945,0.21785611257140192,17.156168864997902,78.75,21.370248009791556,60.0,71.5,90.25,60.0,112.0,8.0,630.0
42.97450399398804,0.23269611212729668,19.08108119443833,82.0,16.0,66.0,82.0,98.0,66.0,98.0,10.0,820.0
42.94581699371338,0.11642577438291428,10.944022791993943,94.0,0.0,94.0,94.0,94.0,94.0,94.0,5.0,470.0
43.10257387161255,0.27840564778669113,48.906592127862076,175.66666666666666,279.1183540284579,66.0,94.5,123.0,66.0,1097.0,12.0,2108.0
43.10188293457031,0.30161095327863774,28.931450672189328,95.92307692307692,27.711318261015908,66.0,121.0,121.0,66.0,123.0,13.0,1247.0
40.04143285751343,0.29968957511340166,29.494449017410613,98.41666666666667,27.405772911722245,66.0,121.0,121.0,66.0,123.0,12.0,1181.0
40.03494906425476,0.29973811083761837,29.499225741602277,98.41666666666667,27.405772911722245,66.0,121.0,121.0,66.0,123.0,12.0,1181.0
40.03477501869202,0.3247176983992135,31.147920761832246,95.92307692307692,27.711318261015908,66.0,121.0,121.0,66.0,123.0,13.0,1247.0
40.03371500968933,0.29974735037944017,29.500135066509902,98.41666666666667,27.405772911722245,66.0,121.0,121.0,66.0,123.0,12.0,1181.0
39.99658799171448,0.2750234595580681,51.454389070045835,187.0909090909091,294.0564121962298,66.0,123.0,123.0,66.0,1113.0,11.0,2058.0
39.99608397483826,0.2500244775536288,23.62731312881792,94.5,28.5,66.0,94.5,123.0,66.0,123.0,10.0,945.0
39.99694299697876,0.27502101850211164,25.27693179142135,91.9090909090909,28.381987070722246,66.0,66.0,123.0,66.0,123.0,11.0,1011.0
40.002357959747314,0.27498378998230144,25.273510152009706,91.9090909090909,28.381987070722246,66.0,66.0,123.0,66.0,123.0,11.0,1011.0
40.474043130874634,0.27177912432496565,50.847403441889035,187.0909090909091,294.0564121962298,66.0,123.0,123.0,66.0,1113.0,11.0,2058.0
40.47319507598877,0.3212002406924481,30.810515395652526,95.92307692307692,27.711318261015908,66.0,121.0,121.0,66.0,123.0,13.0,1247.0
40.31882309913635,0.27282542382135216,24.827113567743048,91.0,27.386127875258307,66.0,66.0,121.0,66.0,121.0,11.0,1001.0
40.28348207473755,0.148944423147638,42.79669758442132,287.3333333333333,367.4605043024655,123.0,123.0,123.0,123.0,1109.0,6.0,1724.0
0.22682690620422363,26.451888360183776,2085.2905323944874,78.83333333333333,18.658480347790622,66.0,66.0,89.25,66.0,112.0,6.0,473.0
39.37944507598877,0.3301214624765401,31.66626643909581,95.92307692307692,27.711318261015908,66.0,121.0,121.0,66.0,123.0,13.0,1247.0
0.08054399490356445,62.07787440871928,4022.6462616850094,64.8,2.4,66.0,66.0,66.0,60.0,66.0,5.0,324.0
39.34153413772583,0.27960272117227264,52.23487200082002,186.8181818181818,293.19767398984914,66.0,123.0,123.0,66.0,1110.0,11.0,2055.0
11.518397808074951,0.9549939308649742,401.27108622344645,420.1818181818182,540.1292468528112,75.0,77.0,704.0,75.0,1388.0,11.0,4622.0
11.545062065124512,1.0394054126612078,329.4048986958811,316.9166666666667,485.2163535189454,67.0,69.0,165.0,67.0,1392.0,12.0,3803.0
0.01092219352722168,183.11340071161948,13550.391652659842,74.0,0.0,74.0,74.0,74.0,74.0,74.0,2.0,148.0
0.011542081832885742,173.2789655243643,16634.780690338972,96.0,6.0,93.0,96.0,99.0,90.0,102.0,2.0,192.0
15.861977100372314,0.1260876867583585,7.943524265776586,63.0,3.0,61.5,63.0,64.5,60.0,66.0,2.0,126.0
15.698992013931274,0.1273967142747255,8.408183142131882,66.0,0.0,66.0,66.0,66.0,66.0,66.0,2.0,132.0
40.03275489807129,0.34971362914308196,33.097897043898826,94.64285714285714,27.099307167888846,66.0,99.5,121.0,66.0,123.0,14.0,1325.0
40.0356171131134,0.3247108684067701,31.14726560794172,95.92307692307692,27.711318261015908,66.0,121.0,121.0,66.0,123.0,13.0,1247.0
39.996429204940796,0.3000267833538907,79.13206410958868,263.75,379.34771318672796,66.0,123.0,123.0,66.0,1110.0,12.0,3165.0
39.99977993965149,0.2750015129232194,51.3502825040266,186.72727272727272,292.9114327540264,66.0,123.0,123.0,66.0,1109.0,11.0,2054.0
40.02454710006714,0.2498466747168571,23.360664086026137,93.5,27.5,66.0,93.5,121.0,66.0,121.0,10.0,935.0
40.02453589439392,0.24984674466645498,23.36067062631354,93.5,27.5,66.0,93.5,121.0,66.0,121.0,10.0,935.0
40.03020405769348,0.2997736404916901,29.502722451723834,98.41666666666667,27.405772911722245,66.0,121.0,121.0,66.0,123.0,12.0,1181.0
39.99173903465271,0.12502582084933883,15.378175964468674,123.0,0.0,123.0,123.0,123.0,123.0,123.0,5.0,615.0
39.99701499938965,0.275020523410756,25.27688628802494,91.9090909090909,28.381987070722246,66.0,66.0,123.0,66.0,123.0,11.0,1011.0
39.990076780319214,0.1250310177564027,15.378815184037535,123.0,0.0,123.0,123.0,123.0,123.0,123.0,5.0,615.0
31.046835899353027,0.12883760564094568,10.757940071018963,83.5,17.5,66.0,83.5,101.0,66.0,101.0,4.0,334.0
31.02173113822937,0.1289418692392261,10.508762342996928,81.5,15.5,66.0,81.5,97.0,66.0,97.0,4.0,326.0
40.03652310371399,0.3247035204911201,31.1465607732636,95.92307692307692,27.711318261015908,66.0,121.0,121.0,66.0,123.0,13.0,1247.0
40.036420822143555,0.3247043500154712,31.146640343791738,95.92307692307692,27.711318261015908,66.0,121.0,121.0,66.0,123.0,13.0,1247.0
40.02992486953735,0.32475704219702295,31.15169473997597,95.92307692307692,27.711318261015908,66.0,121.0,121.0,66.0,123.0,13.0,1247.0
39.99573993682861,0.3000319538769238,53.005645184923196,176.66666666666666,282.4194083667449,66.0,94.5,123.0,66.0,1109.0,12.0,2120.0
40.00196599960327,0.29998525572765633,53.09739026379516,177.0,283.5198405755759,66.0,94.5,123.0,66.0,1113.0,12.0,2124.0
40.00122308731079,0.2749915915318456,51.548423794424146,187.45454545454547,295.2014300397622,66.0,123.0,123.0,66.0,1117.0,11.0,2062.0
29.386518001556396,0.27223368211151444,25.4538492774266,93.5,27.5,66.0,93.5,121.0,66.0,121.0,8.0,748.0
29.386485815048218,0.3402924753554304,33.82507205032978,99.4,27.28076245268816,66.0,121.0,121.0,66.0,123.0,10.0,994.0
29.34859609603882,0.13629272033696632,16.764004601446857,123.0,0.0,123.0,123.0,123.0,123.0,123.0,4.0,492.0
29.349332809448242,0.30665092315497844,28.00745098148803,91.33333333333333,28.323527714997336,66.0,66.0,123.0,66.0,123.0,9.0,822.0
0.02064681053161621,193.7345234933429,14094.186584140694,72.75,13.808964479641476,60.0,69.0,81.75,60.0,93.0,4.0,291.0
0.00012087821960449219,24818.366863905325,1489102.0118343194,60.0,0.0,60.0,60.0,60.0,60.0,60.0,3.0,180.0
0.12153196334838867,32.91315214363345,2805.8462202447513,85.25,19.967160539245434,66.0,81.5,100.75,66.0,112.0,4.0,341.0
0.017066001892089844,234.38412964515229,19629.670857781504,83.75,21.52179128232592,64.5,81.5,100.75,60.0,112.0,4.0,335.0
0.14626288414001465,82.04405424217282,7671.119071643158,93.5,54.962866252285885,66.0,66.0,83.25,60.0,237.0,12.0,1122.0
0.29004716873168945,62.05887159219627,22354.984633544478,360.22222222222223,517.4381933628569,66.0,66.0,223.75,66.0,1514.0,18.0,6484.0
0.1310288906097412,76.3190465359596,46821.73504981122,613.5,634.1692597406469,68.0,215.5,1358.0,66.0,1510.0,10.0,6135.0
0.2714691162109375,69.9895452757012,37197.60148389635,531.4736842105264,615.8286132410758,66.0,115.0,1206.0,66.0,1510.0,19.0,10098.0
2.3520309925079346,4.676809121580013,1091.3971831905358,233.36363636363637,395.3645665659326,66.0,66.0,181.5,66.0,1466.0,11.0,2567.0
2.3385279178619385,4.703813846300815,2940.311273378582,625.0909090909091,612.8933548855053,70.0,353.0,1360.5,66.0,1466.0,11.0,6876.0
20.534286975860596,0.14609711082379911,9.642409314370742,66.0,0.0,66.0,66.0,66.0,66.0,66.0,3.0,198.0
20.534080982208252,0.14609857643979046,9.64250604502617,66.0,0.0,66.0,66.0,66.0,66.0,66.0,3.0,198.0
1.2351248264312744,178.1196485505519,18853.96479907592,105.85,103.13098577669432,60.0,60.0,162.25,60.0,1319.0,220.0,23287.0
1.218695878982544,1788.7973838231264,2476810.705653691,1384.6233944954129,369.5608488629858,1514.0,1514.0,1514.0,60.0,1514.0,2180.0,3018479.0
6.976886987686157,0.8599823976781749,160.53004756659263,186.66666666666666,166.46087294683463,66.0,72.0,335.25,66.0,423.0,6.0,1120.0
6.960931062698364,0.7182947158884488,303.83866482081385,423.0,433.9778796206092,66.0,74.0,954.0,66.0,955.0,5.0,2115.0
20.212390899658203,0.8410682380127269,107.06303923879652,127.29411764705883,136.22851247979162,66.0,66.0,97.0,66.0,583.0,17.0,2164.0
20.21680498123169,0.9398122016628586,356.7329262311861,379.57894736842104,504.3057046745684,66.0,74.0,359.0,66.0,1514.0,19.0,7212.0
20.097361087799072,0.7463666465696517,101.80441059210048,136.4,144.65858656390455,66.0,66.0,121.5,66.0,583.0,15.0,2046.0
20.10076594352722,0.795989568007097,313.7691378387975,394.1875,514.0341937495501,66.0,82.0,348.25,66.0,1514.0,16.0,6307.0
18.123430967330933,0.9931894260224001,195.4376081650745,196.77777777777777,205.41680001498185,66.0,91.0,185.25,66.0,730.0,18.0,3542.0
18.169065952301025,1.100772051381491,448.8398039508029,407.75,542.6887574844351,66.0,108.0,370.25,66.0,1514.0,20.0,8155.0
20.351074934005737,1.7689483291049952,172.7181493556683,97.63888888888889,107.09164112462481,66.0,66.0,66.0,66.0,583.0,36.0,3515.0
20.347540140151978,4.029971162862517,5216.060480478663,1294.3170731707316,499.75056895607577,1514.0,1514.0,1514.0,66.0,1514.0,82.0,106134.0
2.558745861053467,0.7816329204247645,76.60002620162692,98.0,0.0,98.0,98.0,98.0,98.0,98.0,2.0,196.0
2.586867094039917,0.7731359699955033,122.92861922928502,159.0,3.0,157.5,159.0,160.5,156.0,162.0,2.0,318.0
0.1954348087310791,51.167957565635774,7158.3972634324455,139.9,154.70517121285894,66.0,66.0,116.0,66.0,583.0,10.0,1399.0
0.1663219928741455,66.13677367564739,43986.96692827603,665.0909090909091,648.4944037812023,70.0,284.0,1490.0,66.0,1490.0,11.0,7316.0
27.207287073135376,0.55132288491972,45.0247022684438,81.66666666666667,39.942736789336585,66.0,66.0,66.0,66.0,184.0,15.0,1225.0
27.1751229763031,1.6927246305421442,2206.687346080886,1303.6304347826087,434.36337015751405,1494.0,1494.0,1494.0,66.0,1494.0,46.0,59967.0
19.08432102203369,0.2095961389132903,21.79799844698219,104.0,38.0,66.0,104.0,142.0,66.0,142.0,4.0,416.0
19.064234972000122,0.10490848454907448,14.582279352321352,139.0,0.0,139.0,139.0,139.0,139.0,139.0,2.0,278.0
15.153475999832153,0.19797437894996694,32.53378960744457,164.33333333333334,139.06433363335435,66.0,66.0,213.5,66.0,361.0,3.0,493.0
15.132874011993408,0.13216260165880717,17.11505691481553,129.5,63.5,97.75,129.5,161.25,66.0,193.0,2.0,259.0
8.444584131240845,15.276063095015287,1820.1014710882555,119.14728682170542,157.56618399136252,66.0,66.0,66.0,66.0,1398.0,129.0,15370.0
8.448042869567871,104.28450868468005,149155.49310706262,1430.2746878547105,310.80174512637035,1510.0,1510.0,1510.0,66.0,1510.0,881.0,1260072.0
1.7368199825286865,103.06191879447904,12944.346694622782,125.59776536312849,134.36997700849466,66.0,66.0,180.5,66.0,1121.0,179.0,22482.0
1.7087619304656982,1056.3203497330219,1524689.281490462,1443.396675900277,283.34168949934093,1510.0,1510.0,1510.0,66.0,1510.0,1805.0,2605331.0
1.3519840240478516,37.722339238377664,4917.957521489669,130.37254901960785,98.25775642372498,66.0,66.0,172.5,66.0,583.0,51.0,6649.0
1.3383569717407227,77.70722026779842,84150.19488673328,1082.9134615384614,625.759463350442,288.0,1510.0,1510.0,66.0,1510.0,104.0,112623.0
0.3169071674346924,217.72937658224276,23587.34912974297,108.33333333333333,86.37660490199957,66.0,66.0,158.0,66.0,583.0,69.0,7475.0
0.29788708686828613,1218.5825300997496,1680103.0392475282,1378.7355371900826,398.8437027275568,1510.0,1510.0,1510.0,66.0,1510.0,363.0,500481.0
0.02016592025756836,198.3544489371261,14430.286160175923,72.75,13.808964479641476,60.0,69.0,81.75,60.0,93.0,4.0,291.0
3.314018249511719e-05,60349.69784172662,3620981.870503597,60.0,0.0,60.0,60.0,60.0,60.0,60.0,2.0,120.0
0.45492100715637207,24.180022085062603,6036.212785961992,249.63636363636363,382.62544531821027,66.0,78.0,144.0,66.0,1370.0,11.0,2746.0
0.013396978378295898,298.57478955704653,21721.315940275133,72.75,13.808964479641476,60.0,69.0,81.75,60.0,93.0,4.0,291.0
0.0007371902465820312,4069.5058214747737,244170.3492884864,60.0,0.0,60.0,60.0,60.0,60.0,60.0,3.0,180.0
0.18752002716064453,63.993164792578916,10057.59239990032,157.16666666666666,158.06529944579518,66.0,72.0,160.5,66.0,583.0,12.0,1886.0
0.4154238700866699,31.293339011279752,17907.01145422385,572.2307692307693,642.6245648595661,66.0,153.0,1514.0,66.0,1514.0,13.0,7439.0
0.1701951026916504,76.3829263850949,38197.33880226938,500.0769230769231,601.4475437883125,66.0,74.0,1217.0,66.0,1510.0,13.0,6501.0
0.020554065704345703,194.60869968681126,14157.78290221552,72.75,13.808964479641476,60.0,69.0,81.75,60.0,93.0,4.0,291.0
0.0015299320220947266,1960.871435250117,117652.28611500701,60.0,0.0,60.0,60.0,60.0,60.0,60.0,3.0,180.0
0.01761007308959961,227.14272562345997,16524.633289106714,72.75,13.808964479641476,60.0,69.0,81.75,60.0,93.0,4.0,291.0
5.1975250244140625e-05,57719.779816513765,3463186.788990826,60.0,0.0,60.0,60.0,60.0,60.0,60.0,3.0,180.0
0.013570070266723633,294.76634397455945,21444.2515241492,72.75,13.808964479641476,60.0,69.0,81.75,60.0,93.0,4.0,291.0
9.202957153320312e-05,32598.21761658031,1955893.0569948186,60.0,0.0,60.0,60.0,60.0,60.0,60.0,3.0,180.0
0.02369093894958496,168.8409230428613,12283.17715136816,72.75,13.808964479641476,60.0,69.0,81.75,60.0,93.0,4.0,291.0
0.00677490234375,442.81081081081084,26568.64864864865,60.0,0.0,60.0,60.0,60.0,60.0,60.0,3.0,180.0
0.1646099090576172,30.374842125997937,2132.313917245055,70.2,13.362634470792052,60.0,60.0,78.0,60.0,93.0,5.0,351.0
0.00013399124145507812,29852.697508896796,1791161.8505338079,60.0,0.0,60.0,60.0,60.0,60.0,60.0,4.0,240.0
18.539640188217163,16.289420772682288,1519.2851486892118,93.26821192052981,66.85284013825529,66.0,66.0,66.0,66.0,663.0,302.0,28167.0
18.542087078094482,72.48374977096263,104202.83282363704,1437.6026785714287,279.67290874463043,1514.0,1514.0,1514.0,66.0,1514.0,1344.0,1932138.0
0.03644394874572754,54.8787952138273,11524.546994903734,210.0,144.0,138.0,210.0,282.0,66.0,354.0,2.0,420.0
0.08104515075683594,148.06561389470713,22950.170153679603,155.0,152.91936873180367,66.0,87.5,144.5,66.0,583.0,12.0,1860.0
0.08601713180541992,174.38386615740254,92481.57701880914,530.3333333333334,534.5599644151772,85.5,207.0,797.5,66.0,1466.0,15.0,7955.0
0.06794118881225586,103.03028431461999,15675.321827867185,152.14285714285714,177.66937880024602,66.0,66.0,109.0,66.0,583.0,7.0,1065.0
0.05336499214172363,131.17213587158054,114925.52990005763,876.1428571428571,584.3175331887935,370.5,928.0,1466.0,66.0,1466.0,7.0,6133.0
10.200944900512695,1.1763616132655401,141.84960453293638,120.58333333333333,143.63057841405345,66.0,66.0,69.0,66.0,583.0,12.0,1447.0
0.17715978622436523,39.5123529395932,6118.770083788432,154.85714285714286,177.60825959833915,66.0,66.0,118.5,66.0,583.0,7.0,1084.0
0.08507204055786133,82.2832032016322,13130.048282317595,159.57142857142858,178.09295898719952,66.0,66.0,135.0,66.0,583.0,7.0,1117.0
10.203390121459961,1.176079700683146,488.95513555901795,415.75,556.2505617974691,66.0,85.5,499.0,66.0,1514.0,12.0,4989.0
0.06620597839355469,105.7306329405664,63967.03292904267,605.0,600.5847150902194,104.5,324.0,1061.0,66.0,1514.0,7.0,4235.0
0.1111910343170166,350.74770407123975,33105.18714580086,94.38461538461539,97.32278184411761,66.0,66.0,66.0,66.0,583.0,39.0,3681.0
0.12081289291381836,66.21809814377,46087.796308063924,696.0,646.3551655243424,72.0,416.0,1510.0,66.0,1510.0,8.0,5568.0
0.11918997764587402,880.9465533416413,1203633.0808470973,1366.2952380952381,337.3984199530994,1466.0,1466.0,1466.0,66.0,1466.0,105.0,143461.0
12.131089925765991,0.7418954154221814,99.16668719476492,133.66666666666666,160.7703676400322,66.0,66.0,78.0,66.0,583.0,9.0,1203.0
12.127624034881592,0.7421074378719287,99.19502752888114,133.66666666666666,160.7703676400322,66.0,66.0,78.0,66.0,583.0,9.0,1203.0
0.19995498657226562,35.007879123185226,5326.198752313181,152.14285714285714,177.66937880024602,66.0,66.0,109.0,66.0,583.0,7.0,1065.0
12.131706953048706,0.9891435761217751,411.40129903531493,415.9166666666667,528.3031734293818,66.0,97.5,441.75,66.0,1514.0,12.0,4991.0
0.1835639476776123,38.133849748611226,31476.76912106795,825.4285714285714,616.3280335162106,188.0,938.0,1466.0,66.0,1466.0,7.0,5778.0
12.125501871109009,0.9896497586291222,411.6118287764957,415.9166666666667,528.3031734293818,66.0,97.5,441.75,66.0,1514.0,12.0,4991.0
0.19135689735412598,36.58086066814601,5513.258286413434,150.71428571428572,177.80142558139264,66.0,66.0,104.0,66.0,583.0,7.0,1055.0
0.2108762264251709,33.194827689521176,5050.355927048578,152.14285714285714,177.66937880024602,66.0,66.0,109.0,66.0,583.0,7.0,1065.0
0.16969990730285645,35.35653080406253,5827.934827536307,164.83333333333334,188.37941914008428,66.0,72.0,117.0,66.0,583.0,6.0,989.0
0.20055103302001953,39.89009619911267,30316.473111325628,760.0,614.2418090621966,72.0,738.0,1466.0,66.0,1466.0,8.0,6080.0
0.17367196083068848,57.57981859690596,39689.76895884728,689.3,662.567438077061,87.5,291.5,1494.0,66.0,1494.0,10.0,6893.0
0.17838501930236816,33.6351114205942,26549.314614655686,789.3333333333334,720.6716003531398,68.0,792.0,1510.0,66.0,1510.0,6.0,4736.0
0.19899296760559082,35.17712250954607,5301.694892510157,150.71428571428572,177.80142558139264,66.0,66.0,104.0,66.0,583.0,7.0,1055.0
16.15456485748291,5.385474679604321,748.9523925118699,139.06896551724137,93.12996642357541,66.0,66.0,204.0,66.0,583.0,87.0,12099.0
0.17997097969055176,33.338708331290995,5495.330423274465,164.83333333333334,188.37941914008428,66.0,72.0,117.0,66.0,583.0,6.0,989.0
16.138935089111328,5.266766334375314,2975.9088647926774,565.035294117647,555.6074883470042,66.0,467.0,945.0,66.0,1514.0,85.0,48028.0
0.18287086486816406,32.81003786100942,25898.056551623435,789.3333333333334,720.6716003531398,68.0,792.0,1510.0,66.0,1510.0,6.0,4736.0
12.062649011611938,0.8290053030950035,109.01419735699297,131.5,155.05047565228557,66.0,66.0,75.0,66.0,583.0,10.0,1315.0
12.062777042388916,0.8289965042759008,109.01304031228095,131.5,155.05047565228557,66.0,66.0,75.0,66.0,583.0,10.0,1315.0
12.062612056732178,0.9119086271087421,114.48598309428844,125.54545454545455,149.02920008957588,66.0,66.0,72.0,66.0,583.0,11.0,1381.0
12.060534000396729,0.9120657509558165,408.19088108686225,447.54545454545456,570.4488445930281,66.0,97.0,674.0,66.0,1514.0,11.0,4923.0
12.06045389175415,0.9120718091315624,408.19359239588016,447.54545454545456,570.4488445930281,66.0,97.0,674.0,66.0,1514.0,11.0,4923.0
12.060401916503906,0.9120757397767306,408.27826751460196,447.6363636363636,570.5407758079208,66.0,97.0,674.5,66.0,1514.0,11.0,4924.0
0.19799304008483887,35.354778112405064,24253.377785109875,686.0,713.6097372814199,66.0,74.0,1510.0,66.0,1510.0,7.0,4802.0
0.16864991188049316,47.43554212864856,6646.905340776879,140.125,168.66122664975492,66.0,66.0,91.0,66.0,583.0,8.0,1121.0
0.04239797592163086,94.34412641286622,15000.71609964573,159.0,154.23034720832342,66.0,72.0,165.0,66.0,426.0,4.0,636.0
12.032657861709595,0.8310715816014405,109.28591298058943,131.5,155.05047565228557,66.0,66.0,75.0,66.0,583.0,10.0,1315.0
0.1868760585784912,48.16026230679433,6351.803484240541,131.88888888888889,160.71261061247353,66.0,66.0,78.0,66.0,583.0,9.0,1187.0
0.026484012603759766,113.27588628220593,35681.90417889487,315.0,346.49771524018263,70.0,74.0,439.5,66.0,805.0,3.0,945.0
0.15058302879333496,59.76769143322181,45815.25591086637,766.5555555555555,662.8083535836334,74.0,505.0,1494.0,66.0,1494.0,9.0,6899.0
0.08475995063781738,70.78814882323654,35653.630957303474,503.6666666666667,559.257146181929,77.0,144.0,1020.25,75.0,1292.0,6.0,3022.0
0.15479278564453125,45.22174577357189,6815.563113016906,150.71428571428572,177.80142558139264,66.0,66.0,104.0,66.0,583.0,7.0,1055.0
12.026800870895386,0.9146239401551727,409.3357870349014,447.54545454545456,570.4488445930281,66.0,97.0,674.0,66.0,1514.0,11.0,4923.0
0.13988494873046875,50.04112353422416,7613.399509135533,152.14285714285714,177.66937880024602,66.0,66.0,109.0,66.0,583.0,7.0,1065.0
0.17390799522399902,51.75150221476427,6825.448125436133,131.88888888888889,160.71261061247353,66.0,66.0,78.0,66.0,583.0,9.0,1187.0
0.12981510162353516,53.92284805430462,46211.88078253906,857.0,593.9612781991768,298.5,938.0,1466.0,66.0,1466.0,7.0,5999.0
0.13563299179077148,66.35553696171114,50865.20549987168,766.5555555555555,662.8083535836334,74.0,505.0,1494.0,66.0,1494.0,9.0,6899.0
0.1529991626739502,58.82385133819003,45091.750042463675,766.5555555555555,662.8083535836334,74.0,505.0,1494.0,66.0,1494.0,9.0,6899.0
0.05993986129760742,133.46710897910154,105472.38287073499,790.25,557.8854609146935,118.25,1088.0,1292.0,67.0,1292.0,8.0,6322.0
0.1465771198272705,61.40112461348528,47067.3731898261,766.5555555555555,662.8083535836334,74.0,505.0,1494.0,66.0,1494.0,9.0,6899.0
0.06323695182800293,94.88123362301356,17837.671921126548,188.0,168.34587412031615,66.0,72.0,338.25,66.0,427.0,6.0,1128.0
0.05009818077087402,79.84321862492683,33873.485501625204,424.25,354.26146770429324,72.0,426.0,778.25,66.0,779.0,4.0,1697.0
14.998178005218506,0.8000971848597002,223.16043981045138,278.9166666666667,358.739101654051,66.0,66.0,289.75,66.0,1019.0,12.0,3347.0
14.980463027954102,0.734289719848685,420.0137197534478,572.0,555.5779955063997,66.0,340.0,904.0,66.0,1514.0,11.0,6292.0
0.08846211433410645,124.34701660481299,16832.06433859696,135.36363636363637,149.65674223324442,63.0,66.0,135.0,60.0,583.0,11.0,1489.0
0.06907796859741211,173.7167470852575,72555.69469927589,417.6666666666667,554.918662708529,72.0,87.5,498.75,66.0,1514.0,12.0,5012.0
15.434498071670532,1.5549582427983932,248.7933188477429,160.0,137.8489511506465,66.0,87.5,232.5,66.0,583.0,24.0,3840.0
15.468919038772583,1.810081229969494,1429.0591310609154,789.5,620.0749090691727,72.0,792.5,1514.0,66.0,1514.0,28.0,22106.0
15.829097986221313,2.7165161298154845,257.43728439530463,94.76744186046511,90.98168412897341,66.0,66.0,66.0,66.0,583.0,43.0,4075.0
15.811689138412476,6.387679337474035,8210.571233949422,1285.3762376237623,498.34595426111235,1499.0,1514.0,1514.0,66.0,1514.0,101.0,129823.0
0.0590059757232666,152.52692442896452,22082.50917010453,144.77777777777777,159.48303830242526,66.0,66.0,159.0,60.0,583.0,9.0,1303.0
0.05882692337036133,101.99411521532961,15520.104531932657,152.16666666666666,192.7679232191451,61.5,66.0,75.0,60.0,583.0,6.0,913.0
15.356333017349243,10.484273805348307,816.2756034164039,77.85714285714286,52.14848093555961,66.0,66.0,66.0,66.0,583.0,161.0,12535.0
0.07255983352661133,124.03556571969324,17957.593570306697,144.77777777777777,159.48303830242526,66.0,66.0,159.0,60.0,583.0,9.0,1303.0
0.061666011810302734,194.59666107343628,95173.98365333313,489.0833333333333,603.4999942465249,66.0,87.5,758.5,60.0,1510.0,12.0,5869.0
0.04127001762390137,218.0759911957897,130264.0587409517,597.3333333333334,659.1239977761729,66.0,74.0,1510.0,66.0,1510.0,9.0,5376.0
0.05618000030517578,213.59914444312415,104788.18027805598,490.5833333333333,602.4531044451141,72.0,87.5,758.5,66.0,1510.0,12.0,5887.0
15.33682107925415,194.62964225603162,291116.1300590154,1495.74405360134,135.85715285633026,1510.0,1510.0,1510.0,66.0,1510.0,2985.0,4464796.0
0.037657976150512695,212.43839467169784,58500.22293271879,275.375,395.4234873840956,75.0,98.0,182.5,75.0,1292.0,8.0,2203.0
0.028404951095581055,316.8461712789263,115824.87816751862,365.55555555555554,425.12040415003764,67.0,115.0,652.0,67.0,1292.0,9.0,3290.0
6.732278823852539,6.387138905722461,879.4941735065742,137.69767441860466,203.18939897311762,66.0,66.0,99.0,66.0,1222.0,43.0,5921.0
6.716685771942139,17.568188241427904,19963.119394407648,1136.322033898305,566.5667923488575,766.25,1494.0,1494.0,66.0,1494.0,118.0,134086.0
5.0000901222229,0.5999891855281768,65.39882122257127,109.0,31.187604375242845,94.0,122.0,130.5,66.0,139.0,3.0,327.0
5.009033918380737,0.5989178849421338,39.52858040618083,66.0,0.0,66.0,66.0,66.0,66.0,66.0,3.0,198.0
7.009506225585938e-05,28532.680272108842,2111418.3401360544,74.0,0.0,74.0,74.0,74.0,74.0,74.0,2.0,148.0
3.0040740966796875e-05,66576.25396825396,6391320.380952381,96.0,6.0,93.0,96.0,99.0,90.0,102.0,2.0,192.0
2.397517204284668,77.58025663698861,8360.31539802043,107.76344086021506,65.27030608919868,66.0,66.0,144.0,66.0,583.0,186.0,20044.0
2.384168863296509,756.6578138704784,1101156.0634048502,1455.289356984479,212.8388689167453,1494.0,1494.0,1494.0,66.0,1494.0,1804.0,2625342.0
0.38814306259155273,894.0002629008777,98257.5850908175,109.9077809798271,50.910699038926445,66.0,138.0,150.0,66.0,583.0,347.0,38138.0
0.3647339344024658,7975.676858161661,11525234.159762846,1445.0477827432107,245.49372198615643,1494.0,1494.0,1494.0,66.0,1494.0,2909.0,4203644.0
0.12560701370239258,238.8401659725834,40801.86168698299,170.83333333333334,305.6223250280575,75.0,75.0,77.75,75.0,1292.0,30.0,5125.0
0.05144691467285156,311.00018537055576,39827.4612390168,128.0625,136.0273266433991,66.0,66.0,105.25,66.0,583.0,16.0,2049.0
6.891507863998413,3.047228620271199,374.22869579425816,122.80952380952381,156.06885508756918,66.0,66.0,66.0,60.0,610.0,21.0,2579.0
6.89156699180603,3.1923073556649264,383.8024070788059,120.22727272727273,152.93906446038085,66.0,66.0,66.0,60.0,610.0,22.0,2645.0
6.891373157501221,2.6119613012694143,345.35932761228923,132.22222222222223,166.5428058273293,66.0,66.0,66.0,60.0,609.0,18.0,2380.0
0.05366778373718262,540.361423196016,553795.9261658203,1024.8620689655172,638.9535477227147,137.0,1494.0,1494.0,66.0,1494.0,29.0,29721.0
0.12650799751281738,403.13656845949873,482032.7662986018,1195.7058823529412,295.026505563493,1292.0,1292.0,1292.0,67.0,1292.0,51.0,60981.0
0.5603759288787842,117.77807824839059,14891.788833073022,126.43939393939394,210.7496093520862,75.0,75.0,78.0,75.0,1292.0,66.0,8345.0
6.228533029556274,5.619300697919463,5797.83390866479,1031.7714285714285,642.8595974556313,171.0,1514.0,1514.0,66.0,1514.0,35.0,36112.0
0.05706286430358887,140.1962571916821,19820.245860474057,141.375,168.61860625387698,66.0,66.0,93.5,66.0,583.0,8.0,1131.0
6.181566953659058,5.50022352825514,5706.158368004222,1037.4411764705883,630.3790265610268,236.75,1514.0,1514.0,66.0,1514.0,34.0,35273.0
6.167218923568726,4.864429230062128,4716.550581468239,969.6,637.9929257706023,128.5,1514.0,1514.0,66.0,1514.0,30.0,29088.0
0.047418832778930664,189.79800793407378,196251.1402038323,1034.0,559.7078603065074,898.0,1466.0,1466.0,66.0,1466.0,9.0,9306.0
0.5765969753265381,185.57155964858092,206884.53998990252,1114.8504672897195,399.2019797428649,1288.0,1292.0,1292.0,67.0,1292.0,107.0,119289.0
0.06477999687194824,108.05804782357465,16440.260133158146,152.14285714285714,177.66937880024602,66.0,66.0,109.0,66.0,583.0,7.0,1065.0
0.050269126892089844,179.03633017776176,185143.45832938096,1034.111111111111,559.6809496776701,899.0,1466.0,1466.0,66.0,1466.0,9.0,9307.0
0.03864407539367676,103.5087515809606,16587.27744084894,160.25,156.39433333724082,66.0,72.0,166.25,66.0,431.0,4.0,641.0
0.02134084701538086,187.43398502960562,53840.41219975422,287.25,218.48040529988037,72.0,273.0,488.25,66.0,537.0,4.0,1149.0
0.5538678169250488,167.91009904911132,14483.60015668786,86.25806451612904,110.39498033097068,66.0,66.0,66.0,66.0,1000.0,93.0,8022.0
0.5188679695129395,765.1272063925304,1111899.4308736427,1453.2216624685138,228.06777072745584,1494.0,1494.0,1494.0,66.0,1494.0,397.0,576929.0
0.12542510032653809,406.61717524820796,36069.3353102528,88.70588235294117,90.77386125403363,66.0,66.0,66.0,66.0,583.0,51.0,4524.0
0.10552692413330078,2482.7787045990617,3635081.7874255558,1464.118320610687,240.37740151798468,1510.0,1510.0,1510.0,66.0,1510.0,262.0,383599.0
1.6415188312530518,71.88464594702506,6994.132373879616,97.29661016949153,81.0037987518972,66.0,66.0,66.0,66.0,583.0,118.0,11481.0
0.31945300102233887,410.07597230504456,33162.937790836964,80.87022900763358,59.81745729849673,66.0,66.0,66.0,66.0,583.0,131.0,10594.0
1.6281969547271729,702.0035240094928,981815.4955755128,1398.5905511811025,315.5677248342882,1494.0,1494.0,1494.0,66.0,1494.0,1143.0,1598589.0
0.3108839988708496,7423.990968923465,10876716.113667633,1465.0766897746967,179.8996343356569,1494.0,1494.0,1494.0,66.0,1494.0,2308.0,3381397.0
0.07892107963562012,405.468350759322,43157.03758394533,106.4375,118.08787445690604,66.0,66.0,66.0,66.0,583.0,32.0,3406.0
0.0602569580078125,896.1620663459104,1078398.2820967333,1203.351851851852,557.5612624505577,1494.0,1494.0,1494.0,66.0,1494.0,54.0,64981.0
0.12265205383300781,89.68459684316927,14830.571059793174,165.36363636363637,162.44678721872572,66.0,78.0,162.0,66.0,583.0,11.0,1819.0
0.10764002799987793,139.35336397364196,81596.03971869982,585.5333333333333,645.4952482827085,66.0,132.0,1451.0,66.0,1510.0,15.0,8783.0
0.04637789726257324,172.49596191709978,47953.87741295374,278.0,396.4602754375273,75.0,96.0,188.75,75.0,1292.0,8.0,2224.0
0.39970898628234863,85.06188543877994,8798.901502593795,103.44117647058823,126.38507711064221,60.0,60.0,60.0,60.0,574.0,34.0,3517.0
0.38332700729370117,266.0913477506391,358792.8775772955,1348.3823529411766,435.8058806061871,1514.0,1514.0,1514.0,60.0,1514.0,102.0,137535.0
0.03167891502380371,284.10063896561326,104328.06797570577,367.22222222222223,426.2679850302253,67.0,115.0,667.0,67.0,1292.0,9.0,3305.0
0.07644295692443848,156.97979883040935,23533.88817465887,149.91666666666666,153.06069511435288,66.0,72.0,137.0,66.0,583.0,12.0,1799.0
0.06005597114562988,283.06927147638083,158701.95449655212,560.6470588235294,625.634919024757,66.0,137.0,1494.0,66.0,1494.0,17.0,9531.0
0.5747079849243164,36.54029620410703,4577.977110143124,125.28571428571429,135.68561100578646,66.0,66.0,104.0,66.0,583.0,21.0,2631.0
0.0557248592376709,89.72656133009879,52884.835247960225,589.4,575.5180622708551,83.0,205.0,1292.0,75.0,1292.0,5.0,2947.0
0.05454897880554199,128.32504206822702,21118.635494656788,164.57142857142858,205.68134656922734,66.0,66.0,112.0,66.0,664.0,7.0,1152.0
0.05838513374328613,102.76588602813565,18617.75301876391,181.16666666666666,218.23719257317765,66.0,72.0,129.0,66.0,665.0,6.0,1087.0
0.04043292999267578,123.66157982876148,22506.40752883459,182.0,201.37229203641698,66.0,78.0,117.0,66.0,583.0,5.0,910.0
0.040400028228759766,123.76228976099144,22524.736736500443,182.0,201.37229203641698,66.0,78.0,117.0,66.0,583.0,5.0,910.0
0.038961172103881836,128.33289477710125,23356.586849432428,182.0,201.37229203641698,66.0,78.0,117.0,66.0,583.0,5.0,910.0
0.038908958435058594,128.505110419373,23387.93009632589,182.0,201.37229203641698,66.0,78.0,117.0,66.0,583.0,5.0,910.0
0.563715934753418,111.75841610288632,145071.29381711016,1298.079365079365,496.97268621529025,1510.0,1514.0,1514.0,66.0,1514.0,63.0,81779.0
0.03696298599243164,162.32454816362863,25620.224518492716,157.83333333333334,124.27444986355357,68.0,74.0,266.0,66.0,337.0,6.0,947.0
0.06116294860839844,130.79814139146163,105979.19406243178,810.25,534.9197953899258,200.25,1091.0,1292.0,67.0,1292.0,8.0,6482.0
0.042749881744384766,116.95938786209051,20421.109120721,174.6,129.7930660705725,66.0,74.0,330.0,66.0,337.0,5.0,873.0
0.04221010208129883,94.76404468996057,9902.84267010088,104.5,62.151025735702866,66.0,70.0,108.5,66.0,212.0,4.0,418.0
0.04228711128234863,94.59146956840414,9884.808569898232,104.5,62.151025735702866,66.0,70.0,108.5,66.0,212.0,4.0,418.0
0.042086124420166016,95.04320141398806,9932.014547761752,104.5,62.151025735702866,66.0,70.0,108.5,66.0,212.0,4.0,418.0
0.0419919490814209,95.25635478944172,9954.28907549666,104.5,62.151025735702866,66.0,70.0,108.5,66.0,212.0,4.0,418.0
0.29936695098876953,143.6364296659223,27491.344561640475,191.3953488372093,259.5782930272191,66.0,66.0,66.0,66.0,808.0,43.0,8230.0
0.267301082611084,437.7086649148814,585261.378187598,1337.1025641025642,396.6451057405792,1494.0,1494.0,1494.0,66.0,1494.0,117.0,156441.0
0.23200416564941406,176.7209648380016,22853.037940758157,129.3170731707317,187.77898776245496,66.0,66.0,66.0,66.0,762.0,41.0,5302.0
0.05704307556152344,298.02039656267766,41337.18206439964,138.7058823529412,190.77142612095096,66.0,66.0,66.0,60.0,727.0,17.0,2358.0
0.04827618598937988,849.2800158036398,1064251.4305355952,1253.121951219512,516.839324710228,1494.0,1494.0,1494.0,66.0,1494.0,41.0,51378.0
0.2145681381225586,591.8865732407074,817330.1103066345,1380.8897637795276,361.6262748351194,1494.0,1494.0,1494.0,66.0,1494.0,127.0,175373.0
0.15330195426940918,58.70766646707984,8890.949932736647,151.44444444444446,161.09011357422906,66.0,66.0,192.0,60.0,583.0,9.0,1363.0
0.14307403564453125,111.83021383245348,20150.40665493521,180.1875,155.49285303109593,66.0,91.0,238.5,66.0,583.0,16.0,2883.0
0.16291499137878418,79.79621697167485,28849.401520528598,361.53846153846155,502.6942204660213,66.0,135.0,324.0,66.0,1514.0,13.0,4700.0
0.11520004272460938,86.80552336170072,36545.125335276,421.0,559.6936662139389,68.0,78.0,403.5,66.0,1514.0,10.0,4210.0
0.05373096466064453,111.66745354182567,18406.518592144264,164.83333333333334,188.37941914008428,66.0,72.0,117.0,66.0,583.0,6.0,989.0
0.05373215675354004,334.9949283175592,45298.75864027439,135.22222222222223,184.3437476128513,66.0,66.0,66.0,66.0,719.0,18.0,2434.0
0.04021000862121582,895.2994847408585,1085500.8863880276,1212.4444444444443,544.6554183071697,1494.0,1494.0,1494.0,66.0,1494.0,36.0,43648.0
0.040181875228881836,124.43421247812027,17644.771329397456,141.8,93.03418726468244,66.0,74.0,212.0,66.0,291.0,5.0,709.0
0.14594483375549316,54.815232537814246,33053.58522030199,603.0,612.4250974609058,76.5,212.5,1389.0,75.0,1392.0,8.0,4824.0
0.16002511978149414,43.74313238795341,15722.531584012968,359.42857142857144,452.0059598667942,68.0,134.0,393.5,67.0,1392.0,7.0,2516.0
